Year;AC;Province;Judicial District;Population;Proportion of women;Proportion of foreigners;Dependency ratio;Population density;Degree of ageing;Live Births by maternal residence;Marriages;Deaths:;Natural growth;Under 16-year-olds male;Under 16-year-olds female;Total under 16-year-olds;Under 18-year-olds male;Under 18-year-olds female;Total under 18-year-olds
2025;Canarias;Santa Cruz de Tenerife;Santa Cruz de Tenerife;229526;0,52177531085803;0,078792816500092;0,44928396433713;1209,6231640878;0,10317785348937;1074;777;2226;-1152;13309;12763;26072;15814;15031;30845
2025;Comunidad Foral de Navarra;Navarra;Tudela;103089;0,49636721667685;0,18856522034359;0,54711629372833;93,111202810638;0,008806236232348;778;303;917;-139;8748;8070;16818;9998;9220;19218
2025;Comunidad de Madrid;Madrid;Alcalá de Henares;255146;0,51297296449876;0,16577959286056;0,47251719839328;677,12109818576;0,016777916102225;1837;969;1649;188;19465;18179;37644;22670;21171;43841
2025;Galicia;A Coruña;Ordes;35087;0,51021745945792;0,05492062587283;0,6498330747167;46,591331956967;0,040576688964981;175;123;454;-279;2157;2012;4169;2495;2292;4787
2025;Cataluña;Barcelona;Mollet del Vallès;109034;0,50447566814021;0,11622979987894;0,47957065121518;2262,5856071794;0,028071191423907;600;420;864;-264;7833;7380;15213;9184;8656;17840
2025;Cataluña;Barcelona;"L'Hospitalet de Llobregat";292161;0,51087242992733;0,27338693391657;0,46453957591859;21482,425868022;0,18734191079576;2127;642;2223;-96;21027;19777;40804;24099;22584;46683
2025;Comunidad Foral de Navarra;Navarra;Aoiz/Agoitz;76326;0,49127427089065;0,084912087624139;0,49149958963536;25,748926996902;0,0023361960537694;464;283;473;-9;7616;7201;14817;8740;8150;16890
2025;Galicia;A Coruña;Ortigueira;19073;0,51182299585802;0,069207780632307;0,75658500644686;36,285290091563;0,058721753263776;56;49;314;-258;854;763;1617;995;876;1871
2025;Comunidad Foral de Navarra;Navarra;Estella/Lizarra;65974;0,49122381544245;0,13261284748537;0,60423100303951;34,10443171271;0,0034028556704156;436;181;758;-322;4852;4561;9413;5544;5238;10782
2025;Cataluña;Tarragona;Amposta;72825;0,49157569515963;0,21496738757295;0,53000126055717;99,115345998801;0,018131365144753;453;232;780;-327;5186;5041;10227;6106;5833;11939
2025;Galicia;A Coruña;Padrón;26038;0,51317305476611;0,02377294723097;0,62291199202194;110,23242073122;0,069965051079192;109;67;349;-240;1529;1433;2962;1768;1633;3401
2025;Cataluña;Barcelona;Esplugues de Llobregat;69469;0,52397472253811;0,15153521714722;0,58128471273787;5643,298157832;0,11089838633059;415;221;521;-106;5646;5268;10914;6425;6065;12490
2025;Cataluña;Barcelona;Cornellà de Llobregat;92255;0,51529998374072;0,18475963362419;0,4953399789286;13389,695469915;0,20198363232345;608;283;749;-141;6648;6316;12964;7658;7305;14963
2025;Comunidad de Madrid;Madrid;Alcobendas;256309;0,51763301327694;0,1614613610915;0,46520894071914;923,60275229218;0,023682909523828;1654;935;1322;332;21652;20581;42233;24899;23615;48514
2025;Cataluña;Barcelona;Terrassa;261108;0,50723838411692;0,13730716791519;0,47933191315778;1439,5633164834;0,029915462822536;1862;1010;1909;-47;21200;19875;41075;24552;23125;47677
2025;Comunidad Valenciana;Valencia/València;Carlet;88512;0,50320860448301;0,13374457700651;0,50720294247863;547,0119293748;0,027670178700547;622;334;780;-158;7025;6628;13653;8116;7637;15753
2025;Comunidad de Madrid;Madrid;Alcorcón;176806;0,52067803128853;0,13174326663122;0,54017561587512;5241,8026207977;0,22629322534303;1027;631;1284;-257;12214;11726;23940;14306;13559;27865
2025;Galicia;A Coruña;Corcubión;37139;0,51301865963004;0,038692479603651;0,70706931421217;52,165912713875;0,040937424270982;147;118;575;-428;1770;1717;3487;2054;1972;4026
2025;Comunidad Valenciana;Valencia/València;Xàtiva;89829;0,50219862182591;0,1274087432789;0,50985797125809;79,35844549117;0,0083213661512429;546;279;842;-296;6013;5827;11840;6995;6793;13788
2025;Castilla y León;Salamanca;Salamanca;241489;0,52544836410768;0,075668042850813;0,5932821788384;53,511417087142;0,0018247412079948;1342;686;2483;-1141;15203;14435;29638;17784;16730;34514
2025;Cataluña;Barcelona;Sant Feliu de Llobregat;199998;0,50905009050091;0,097410974109741;0,48423724285333;1520,3192515028;0,018973189731897;1296;766;1577;-281;15321;14448;29769;17928;16838;34766
2025;Cataluña;Tarragona;Valls;68484;0,48849366275334;0,14534781846855;0,5277740596975;62,069153455088;0,0048284915981054;432;269;655;-223;5253;4943;10196;6109;5717;11826
2025;Galicia;A Coruña;Muros;21671;0,51908079922477;0,026856167228093;0,80787519813131;50,298246937458;0,092231553689262;95;62;365;-270;921;921;1842;1074;1053;2127
2025;Castilla-La Mancha;Cuenca;Tarancón;42269;0,48815917102368;0,17897276964205;0,55721338048924;10,336715344323;0,0042609303072676;261;133;523;-262;2632;2588;5220;3021;2974;5995
2025;Galicia;Ourense;Bande;9563;0,49879744849942;0,076858726341106;1,0031420192711;12,262457294563;0,05731726445676;22;30;215;-193;249;192;441;294;229;523
2025;Cataluña;Girona;Puigcerdà;16305;0,49034038638454;0,19233363998773;0,44279267321476;64,952395703531;0,016369769451646;111;49;102;9;1140;1111;2251;1311;1293;2604
2025;Cataluña;Barcelona;Vic;171250;0,49451678832117;0,18261605839416;0,51050073650693;143,31143537616;0,0039405332936094;1259;696;1422;-163;13892;12969;26861;16089;14936;31025
2025;Galicia;Lugo;Viveiro;45069;0,50540282677672;0,092413854312277;0,60759764579989;74,813252314309;0,039225568414146;223;160;645;-422;2560;2457;5017;2938;2830;5768
2025;Cataluña;Barcelona;Granollers;325806;0,49968386094793;0,10922450783595;0,47241642676693;423,41061153929;0,0051918714116464;2024;1330;2471;-447;25605;23776;49381;30014;27766;57780
2025;Cataluña;Barcelona;Mataró;308127;0,50815410528775;0,13856948595871;0,51196808510638;1714,1975124388;0,011838510438496;1877;1272;2430;-553;23677;22278;45955;27505;25846;53351
2025;Castilla y León;Soria;Almazán;11548;0,46285071007967;0,12963283685487;0,70098689055826;3,7723768494422;0,00661439026008;36;19;211;-175;670;591;1261;754;683;1437
2025;Galicia;Ourense;Xinzo de Limia;18509;0,5067264573991;0,056459019936247;0,83293721529016;26,289699414708;0,037073855961964;58;53;318;-260;893;788;1681;1028;900;1928
2025;Cataluña;Barcelona;Arenys de Mar;158118;0,50493302470307;0,14153986263424;0,51607954436497;639,35142637196;0,016241521667849;913;604;1617;-704;11516;10766;22282;13400;12599;25999
2025;Galicia;Lugo;Sarria;21758;0,50496369151576;0,076753378067837;0,72436202250753;27,716844295984;0,054416766246898;112;78;363;-251;1077;1097;2174;1235;1256;2491
2025;Cataluña;Girona;La Bisbal D´Empordà;90629;0,49747873197321;0,21072725065928;0,5256123221951;161,06667956853;0,0065431594743404;536;310;815;-279;6856;6457;13313;7932;7451;15383
2025;Castilla y León;Valladolid;Valladolid;464850;0,51701193933527;0,074611164891901;0,58125690960116;121,50527060919;0,002169215121271;2734;1563;4388;-1654;31111;29594;60705;36143;34253;70396
2025;Castilla y León;Valladolid;Medina del Campo;46983;0,4896451908137;0,092012004341996;0,58941136671177;22,901555967634;0,0056240351308599;244;146;516;-272;2840;2587;5427;3264;2979;6243
2025;Galicia;Pontevedra;Tui;50942;0,50632091398061;0,060951670527266;0,55296771636741;157,18472793664;0,048930155863531;249;181;529;-280;3150;2989;6139;3698;3464;7162
2025;Cataluña;Barcelona;Manresa;197803;0,50152424381834;0,14784912261189;0,53479620419153;152,11285936265;0,0059883534916775;1296;684;1839;-543;15407;14353;29760;17858;16598;34456
2025;Illes Balears;Illes Balears;Eivissa;175955;0,49031854735586;0,28278252962405;0,35949222341552;268,30588118071;0,022807914902485;1315;832;965;350;12391;11683;24074;14200;13250;27450
2025;Galicia;Pontevedra;Redondela;41150;0,51261239368165;0,031397326852977;0,55729639721465;199,68942067408;0,062260024301337;177;139;379;-202;2586;2319;4905;3025;2745;5770
2025;Cataluña;Girona;Blanes;90683;0,49873735981386;0,28803634639348;0,46674538220166;867,03316009147;0,06284897206018;541;265;660;-119;6591;6183;12774;7685;7170;14855
2025;Castilla y León;Valladolid;Medina de Rioseco;16811;0,47129855451788;0,10273035512462;0,6949989917322;7,5276280242615;0,0051565938968533;70;42;236;-166;757;704;1461;876;807;1683
2025;Galicia;Lugo;Monforte de Lemos;34726;0,51609744859759;0,097506191326384;0,78347285706949;22,858835165667;0,039109344903275;155;97;650;-495;1675;1589;3264;1926;1838;3764
2025;Cataluña;Barcelona;Martorell;142113;0,49896209354528;0,1065841970826;0,45558366535905;929,63302511723;0,019396927484154;849;544;1063;-214;11055;10440;21495;12951;12375;25326
2025;Galicia;Ourense;Celanova;13972;0,51896650443745;0,064843973661609;0,88861854555285;40,185222406566;0,057318719070795;42;22;279;-237;520;534;1054;601;623;1224
2025;Cataluña;Girona;Olot;63339;0,49242962471779;0,21280727513854;0,5283032525818;86,308201962878;0,0099570038470242;430;212;599;-169;4793;4548;9341;5616;5205;10821
2025;Castilla y León;Soria;Burgo de Osma-Ciudad de Osma;13121;0,47343952442649;0,15143662830577;0,65543779964673;5,7964163800412;0,0088250985174193;70;30;211;-141;710;647;1357;819;750;1569
2025;Galicia;Lugo;Lugo;127292;0,5282971435754;0,08417653898124;0,59379969198793;79,697967747962;0,025884580334978;704;434;1500;-796;8034;7577;15611;9205;8740;17945
2025;Galicia;Ourense;O Barco de Valdeorras;23871;0,50672363956265;0,11549578987055;0,64434800578632;27,949699433642;0,042586042837394;100;67;370;-270;1274;1150;2424;1477;1348;2825
2025;Galicia;Ourense;O Carballiño;26238;0,521991005412;0,074967604238128;0,79454209698379;47,493890128365;0,039620228506577;94;68;448;-354;1291;1138;2429;1487;1358;2845
2025;Cantabria;Cantabria;Laredo;36359;0,50281910943645;0,060095162133172;0,57411897133951;61,306422939239;0,023563004283046;150;130;451;-301;2190;2005;4195;2594;2357;4951
2025;Cataluña;Girona;Santa Coloma de Farners;96364;0,49233116101449;0,15619941056826;0,50658203308214;103,97496723469;0,0080264241141228;671;420;811;-140;7599;7342;14941;8750;8427;17177
2025;Castilla y León;Soria;Soria;65514;0,50047318130476;0,1270568122844;0,57800419105427;13,161685445653;0,0023876052237301;374;211;726;-352;4495;4209;8704;5194;4835;10029
2025;Cataluña;Barcelona;Vilafranca del Penedès;113325;0,49876902713435;0,12597396867417;0,49851239669421;207,65763316029;0,007200868842166;715;475;928;-213;9204;8664;17868;10713;10050;20763
2025;Cataluña;Barcelona;Vilanova I la Geltrú;166996;0,50577259335553;0,17540539893171;0,486165867203;720,30710491352;0,028090493185466;993;644;1340;-347;12100;11525;23625;14198;13350;27548
2025;Cataluña;Barcelona;Gavà;192951;0,50992220822903;0,15863613041653;0,46042234332425;1687,9625517601;0,044441334846671;1067;683;1355;-288;15017;13847;28864;17542;16296;33838
2025;Comunidad Foral de Navarra;Navarra;Tafalla;48075;0,48486739469579;0,15652626105044;0,55854892044349;34,660139459604;0,0082440630958572;355;120;484;-129;3646;3395;7041;4183;3857;8040
2025;Canarias;Santa Cruz de Tenerife;Puerto de la Cruz;31589;0,51609737566875;0,21057963215043;0,57913417316537;3577,4632245684;0,27712178289911;128;112;372;-244;1580;1499;3079;1844;1721;3565
2025;Comunidad Valenciana;Valencia/València;Quart de Poblet;59686;0,50971752169688;0,13626311027712;0,49566481230893;1517,1835223309;0,10014073652113;431;245;532;-101;4437;4015;8452;5122;4605;9727
2025;Castilla-La Mancha;Cuenca;Cuenca;82824;0,50446730416304;0,11557036607747;0,53902185223725;10,432167108192;0,0019931993837862;541;279;912;-371;5348;4980;10328;6174;5763;11937
2025;Cataluña;Girona;Girona;242795;0,50194196750345;0,20432051730884;0,48085461953207;289,13804428152;0,0044539415426269;1969;977;1671;298;21075;19730;40805;24333;22647;46980
2025;Comunidad de Madrid;Madrid;Navalcarnero;168990;0,50017160778744;0,116308657317;0,46409294508027;195,8600389402;0,0064952740614022;1167;620;1040;127;16471;15365;31836;18799;17631;36430
2025;Comunidad Valenciana;Valencia/València;Paterna;142258;0,5118517060552;0,1452993856233;0,47637926024326;2520,9639912914;0,042125926134207;955;520;994;-39;12253;11573;23826;14257;13336;27593
2025;Cataluña;Barcelona;Sabadell;332706;0,51062499624293;0,12618648296093;0,49317380103941;1493,7637592976;0,021106388890559;2184;1149;2666;-482;26032;24724;50756;30427;28805;59232
2025;Galicia;A Coruña;Noia;26227;0,51267777481222;0,034201395508445;0,64175273865415;116,3369398331;0,097075532847829;108;88;322;-214;1426;1402;2828;1663;1621;3284
2025;Cataluña;Tarragona;Reus;207529;0,50573654766322;0,18767979414925;0,50667199070713;297,77169059287;0,0068207334878499;1436;662;1623;-187;17009;15778;32787;19749;18409;38158
2025;Comunidad Foral de Navarra;Navarra;Pamplona/Iruña;390390;0,51393222162453;0,12258254565947;0,52895653093436;162,07901582576;0,002513199382609;2535;1354;3410;-875;28010;26969;54979;32519;31262;63781
2025;Galicia;Ourense;Ourense;160375;0,53034450506625;0,077106780982073;0,62535091364231;150,20323770521;0,014655453911474;772;497;2073;-1301;9584;8973;18557;11067;10491;21558
2025;Galicia;Pontevedra;O Porriño;45555;0,50791351114038;0,055098232905279;0,48833638264506;302,93257635343;0,064998353638459;252;196;422;-170;3390;3170;6560;3889;3632;7521
2025;Cataluña;Barcelona;Barcelona;1713247;0,52139650616636;0,25545820304953;0,47340977676717;17003,244974962;0,20987808529652;11354;5442;15337;-3983;105582;99895;205477;121247;114502;235749
2025;Cataluña;Barcelona;Berga;41316;0,50050827766483;0,1270694162068;0,61189138576779;36,569627969762;0,0085140542808274;261;169;531;-270;2863;2701;5564;3320;3082;6402
2025;Comunidad de Madrid;Madrid;Torrelaguna;34108;0,48959188460185;0,15093233259059;0,49879158061256;27,165783843051;0,0048780624012241;167;140;287;-120;2384;2351;4735;2798;2713;5511
2025;Comunidad Valenciana;Valencia/València;València;841558;0,52447127827197;0,19411139814487;0,49990019177438;6040,4676698126;0,21414329137148;5851;3112;7476;-1625;55675;52740;108415;64429;60967;125396
2025;Cataluña;Girona;Figueres;150044;0,4977539921623;0,25947722001546;0,50799505522669;110,46943070766;0,0028594553440795;1063;498;1250;-187;11853;11284;23137;13728;12921;26649
2025;Galicia;Pontevedra;Pontevedra;114461;0,52294668052874;0,054105765282498;0,55165588948988;202,73654412487;0,048119446798473;629;382;1122;-493;7442;6918;14360;8711;8099;16810
2025;Cantabria;Cantabria;Torrelavega;124122;0,51438906881939;0,065137525982501;0,56907907211934;138,86222514631;0,012443402458871;586;445;1291;-705;7922;7517;15439;9263;8829;18092
2025;Cataluña;Barcelona;Igualada;119845;0,49427176769995;0,11524051900371;0,50718094471553;140,96094968472;0,0060687763361008;834;448;977;-143;9572;8954;18526;11265;10423;21688
2025;Galicia;Ourense;Ribadavia;15531;0,50962590947138;0,050866009915653;0,87981118373275;37,265158413006;0,036285200859279;51;45;292;-241;616;544;1160;715;628;1343
2025;Cataluña;Tarragona;El Vendrell;165691;0,500678974718;0,17332866601083;0,52532059248621;340,42365234924;0,0082717830177861;1064;626;1459;-395;12613;12081;24694;14554;13971;28525
2025;Comunidad Valenciana;Valencia/València;Mislata;79181;0,51210517674695;0,19070231494929;0,47475368311263;11058,798750114;0,097845442719844;530;245;667;-137;5612;5264;10876;6507;6202;12709
2025;Comunidad de Madrid;Madrid;Torrejón de Ardoz;237225;0,50681842132996;0,16385288228475;0,43939347972502;667,07440726762;0,013593155711398;1621;946;1177;444;20668;19407;40075;23803;22456;46259
2025;Cataluña;Barcelona;Badalona;282457;0,50690901623964;0,18254814007088;0,50363856075891;10189,646804693;0,064943218495795;2140;722;2176;-36;22131;20744;42875;25556;23884;49440
2025;Castilla-La Mancha;Cuenca;San Clemente;36627;0,48969339558249;0,15570480792858;0,57643970043901;15,967965609843;0,0092574896681157;215;95;498;-283;2360;2241;4601;2752;2574;5326
2025;Castilla-La Mancha;Cuenca;Motilla del Palancar;38139;0,48590681454679;0,1818086473164;0,53039605152281;13,542188157463;0,0060196474300148;305;117;402;-97;2689;2619;5308;3077;2954;6031
2025;Cataluña;Barcelona;Rubí;193842;0,50900733587148;0,14782658041085;0,47130886237362;1740,6789293978;0,054943373125191;1231;647;1122;109;16824;15814;32638;19597;18329;37926
2025;Cataluña;Barcelona;Sant Boi de Llobregat;103941;0,51329119404277;0,11016826853696;0,49181904297155;1924,1206967179;0,049018193013344;653;336;909;-256;7742;7435;15177;9060;8724;17784
2025;Comunidad de Madrid;Madrid;Leganés;195946;0,51910220162698;0,14249334000184;0,54551047450782;4547,3659620823;0,22692476498627;1150;672;1430;-280;13696;13159;26855;15971;15364;31335
2025;Castilla-La Mancha;Toledo;Orgaz;66930;0,49190198715075;0,095293590318243;0,57489764224199;24,005422640541;0,012258683463477;451;176;702;-251;4924;4610;9534;5616;5333;10949
2025;Castilla-La Mancha;Toledo;Illescas;184886;0,48605086377552;0,17140832729358;0,42478653555686;208,43498399926;0,0045379314821025;1344;674;893;451;18028;16985;35013;20760;19439;40199
2025;Canarias;Santa Cruz de Tenerife;Valverde;11993;0,49487200867173;0,16434586842325;0,50269389800777;44,796802425356;0,076489063064565;60;39;99;-39;714;639;1353;856;750;1606
2025;Andalucía;Málaga;Torremolinos;150057;0,50532797536936;0,25753546985479;0,46247258905511;3204,976526657;0,090292355571549;810;543;984;-174;11287;10764;22051;13051;12361;25412
2025;Andalucía;Málaga;Marbella;176759;0,51960013351513;0,32654631447338;0,4429306122449;394,95687455514;0,042068579251976;1195;491;1224;-29;13596;13067;26663;15748;15159;30907
2025;Comunidad Valenciana;Valencia/València;Ontinyent;89916;0,50080074736421;0,12636238266827;0,51690397462717;124,5011834486;0,0063827546232693;549;309;824;-275;6324;5755;12079;7352;6724;14076
2025;Andalucía;Cádiz;San Roque;47477;0,50015797122817;0,16917665395876;0,46457105839529;71,195920877327;0,041599090085726;301;169;352;-51;3980;3780;7760;4634;4382;9016
2025;Andalucía;Cádiz;Sanlúcar de Barrameda;97039;0,50262265686992;0,025814363297231;0,4911412634264;352,57421124658;0,062143399389249;661;400;766;-105;7802;7202;15004;9061;8356;17417
2025;Andalucía;Cádiz;La Línea de la Concepción;65420;0,50854478752675;0,10608376643228;0,48233747989033;2452,9433750602;0,17861510241516;521;218;622;-101;5247;5095;10342;6004;5791;11795
2025;Castilla-La Mancha;Ciudad Real;Tomelloso;56712;0,4968789674143;0,14416701932572;0,48162081667842;53,978527209162;0,046709691070673;406;175;535;-129;4351;4139;8490;5011;4816;9827
2025;Canarias;Santa Cruz de Tenerife;Icod de los Vinos;47582;0,50670421587995;0,096948425875331;0,51757351534095;179,05471400415;0,039125439592003;224;167;469;-245;2787;2700;5487;3288;3119;6407
2025;Andalucía;Cádiz;Jerez de la Frontera;219442;0,51220823725631;0,043323520565799;0,48119498893029;155,43749493227;0,095651698398666;1390;693;1867;-477;16420;15546;31966;19314;18308;37622
2025;Comunidad Valenciana;Valencia/València;Gandía;165419;0,50402311705427;0,21371789214056;0,49313992742765;512,83172188972;0,0071297303039122;1046;603;1451;-405;12156;11270;23426;14179;13167;27346
2025;Andalucía;Córdoba;Aguilar de la Frontera;18708;0,50197776352363;0,024481505238401;0,50482625482625;85,761439348577;0,068081391205189;131;87;213;-82;1361;1281;2642;1587;1477;3064
2025;Comunidad de Madrid;Madrid;Madrid;3477497;0,53094941562854;0,18846946525044;0,47181436034956;5740,6224934851;0,20185610512389;26340;15866;28253;-1913;227426;217449;444875;260585;248796;509381
2025;Castilla-La Mancha;Ciudad Real;Manzanares;43114;0,4979125110173;0,065060073294058;0,53715059897319;48,054481184962;0,03655038579889;274;139;412;-138;3117;2954;6071;3604;3430;7034
2025;Andalucía;Córdoba;Montoro;43199;0,49938655987407;0,021273640593532;0,5440345986132;23,826832069131;0,02439614085717;320;166;457;-137;3198;2964;6162;3681;3433;7114
2025;Aragón;Teruel;Alcañiz;54590;0,49032789888258;0,14936801612017;0,59769374853664;13,508063073799;0,0042079476901773;340;159;693;-353;3754;3698;7452;4333;4269;8602
2025;Andalucía;Málaga;Fuengirola;179177;0,5111147078029;0,34840409204306;0,50058205267786;1126,615972967;0,097459495359337;1141;529;1077;64;13832;13077;26909;15856;15060;30916
2025;Canarias;Santa Cruz de Tenerife;Arona;175150;0,49815586640023;0,40186697116757;0,37486851814057;456,40504227906;0,03770910648016;1017;474;998;19;11747;11329;23076;13685;13152;26837
2025;Andalucía;Cádiz;Algeciras;169715;0,5047108387591;0,096290840526765;0,4749489419024;202,56254081492;0,058119003427314;1133;622;1286;-153;14032;13174;27206;16233;15222;31455
2025;Andalucía;Cádiz;Arcos de la Frontera;86349;0,49976259134443;0,030156689712678;0,46173378700929;56,610044546749;0,015821453249796;559;304;816;-257;6068;5678;11746;7089;6700;13789
2025;Andalucía;Córdoba;Priego de Córdoba;27029;0,51011876133042;0,035776388323652;0,53634968453362;60,431061023354;0,057604794849976;161;92;310;-149;1769;1726;3495;2080;1993;4073
2025;Comunidad de Madrid;Madrid;Fuenlabrada;210363;0,51123058712796;0,11726872121048;0,46432176195017;3568,4986815513;0,092775345474252;1306;727;1022;284;15663;14568;30231;18351;17139;35490
2025;Andalucía;Córdoba;Posadas;67325;0,501670998886;0,042807278128481;0,51196999640676;40,353758161752;0,024535833642778;488;280;668;-180;5288;5061;10349;6121;5780;11901
2025;Comunidad Valenciana;Valencia/València;Torrent;196485;0,50848665292516;0,13134335954399;0,46694091472428;1957,4118885853;0,035048985927679;1355;755;1538;-183;15721;14728;30449;18381;17193;35574
2025;Aragón;Teruel;Calamocha;18898;0,4744946555191;0,15446078950153;0,64344725628316;6,2225060775675;0,0044304056752891;130;54;306;-176;1212;1174;2386;1377;1330;2707
2025;Canarias;Santa Cruz de Tenerife;San Sebastián de la Gomera;22560;0,49197695035461;0,18417553191489;0,49216218003836;61,362709480343;0,040240839243499;96;65;185;-89;1140;1056;2196;1339;1258;2597
2025;Andalucía;Cádiz;Ubrique;29159;0,50547000925958;0,042628348022909;0,4950266611977;61,67040215793;0,030125469715305;176;94;261;-85;1959;1864;3823;2300;2179;4479
2025;Andalucía;Málaga;Estepona;106621;0,50864276268277;0,30804438150083;0,47077648876443;317,9963677264;0,056811822561534;717;321;730;-13;8865;8340;17205;10203;9540;19743
2025;Andalucía;Cádiz;Barbate;35803;0,50202496997458;0,046811719688294;0,47016794645424;88,022129915454;0,095201519425746;213;123;333;-120;2554;2418;4972;2966;2825;5791
2025;Andalucía;Cádiz;Cádiz;110123;0,52871788817958;0,030302479954233;0,58361494988424;8953,0892920597;0,27057926137138;493;373;1280;-787;6142;5715;11857;7308;6766;14074
2025;Andalucía;Córdoba;Pozoblanco;39380;0,50774504824784;0,030243778567801;0,59304207119741;17,859815409136;0,019459311638083;257;135;524;-267;2584;2488;5072;2953;2836;5789
2025;Comunidad de Madrid;Madrid;Getafe;195628;0,51294293250455;0,15133314249494;0,51683711842197;2495,8918965957;0,19485451980289;1489;725;1311;178;15997;14717;30714;18160;16768;34928
2025;Andalucía;Cádiz;San Fernando;93490;0,51395871216173;0,019820301636539;0,49919820397691;3125,7104806735;0,20597924911755;534;346;784;-250;6657;6371;13028;7845;7519;15364
2025;Comunidad Valenciana;Castellón/Castelló;Nules;113941;0,50088203543939;0,12987423315576;0,51398503833429;155,74007966287;0,0068476960298166;818;432;1015;-197;8548;7981;16529;9913;9233;19146
2025;Castilla-La Mancha;Toledo;Talavera de la Reina;142767;0,50726708553097;0,10086364495997;0,58069730621464;31,292974942615;0,0037313083016922;854;396;1624;-770;9836;9500;19336;11509;11130;22639
2025;Andalucía;Málaga;Archidona;27571;0,4993652751079;0,069348228210801;0,54062360303979;63,340836871106;0,031912413146318;178;82;309;-131;1937;1835;3772;2240;2100;4340
2025;Castilla-La Mancha;Ciudad Real;Alcázar de San Juan;62607;0,5029948727778;0,12126439535515;0,50486743744442;45,229735250793;0,033231108342518;457;241;644;-187;4753;4470;9223;5472;5187;10659
2025;Canarias;Santa Cruz de Tenerife;Santa Cruz de la Palma;43772;0,50744768345061;0,10399342045143;0,48128595600677;156,02210199327;0,032179736556964;198;109;410;-212;2454;2329;4783;2892;2730;5622
2025;Comunidad de Madrid;Madrid;Pozuelo de Alarcón;89474;0,52198404005633;0,10369492813555;0,52894736842105;2071,1573708295;0,19782283121354;638;334;520;118;7419;7032;14451;8651;8245;16896
2025;Castilla-La Mancha;Toledo;Ocaña;56061;0,49001979986087;0,18932948038744;0,50738081793982;29,962160647838;0,01141613599472;427;211;449;-22;4824;4505;9329;5548;5195;10743
2025;Andalucía;Málaga;Málaga;776399;0,51572838192733;0,11241771305733;0,4776955988824;492,51083489815;0,010383120591918;5240;2890;6147;-907;59058;55698;114756;68448;64578;133026
2025;Castilla-La Mancha;Ciudad Real;Villanueva de los Infantes;18127;0,49037347603023;0,057428145859767;0,62501120573734;6,8206873916764;0,018804821536934;100;53;321;-221;870;779;1649;1024;907;1931
2025;Castilla-La Mancha;Toledo;Toledo;162195;0,50945466876291;0,10729677240359;0,49648472099203;88,065698795099;0,0077057451421643;1159;628;1135;24;13355;12509;25864;15369;14516;29885
2025;Castilla-La Mancha;Ciudad Real;Almadén;11574;0,50008640055296;0,037670641092103;0,66197587593337;6,6742785860659;0,033609815102817;65;38;219;-154;614;585;1199;692;681;1373
2025;Castilla-La Mancha;Ciudad Real;Puertollano;67012;0,51110248910643;0,051453471020116;0,60519318753443;16,121287178346;0,014377192807922;362;186;840;-478;4336;4301;8637;5048;4957;10005
2025;Comunidad Valenciana;Castellón/Castelló;Villarreal/Vila-Real;91437;0,50168968798189;0,18058335247219;0,4757185971821;897,40897583409;0,089914367269267;630;333;708;-78;7368;6799;14167;8679;7906;16585
2025;Canarias;Santa Cruz de Tenerife;Granadilla de Abona;94875;0,49820289855072;0,28751515151515;0,36956145162687;215,75249302753;0,03432674571805;566;299;516;50;7055;6506;13561;8211;7507;15718
2025;Comunidad Valenciana;Castellón/Castelló;Castelló de la Plana;298845;0,50764108484331;0,20325252221051;0,49954087239263;128,88638668197;0,0053600958283988;1949;1043;2506;-557;22574;21052;43626;26088;24322;50410
2025;Comunidad Valenciana;Castellón/Castelló;Segorbe;27530;0,48935706501998;0,13330911732655;0,56234038930821;25,188018220055;0,0076042045041773;167;108;337;-170;1747;1736;3483;2040;2004;4044
2025;Andalucía;Málaga;Antequera;84139;0,50601980056811;0,071821628495704;0,49921599372795;48,98466415489;0,016840189052243;554;272;786;-232;6074;5810;11884;7041;6711;13752
2025;Comunidad Valenciana;Castellón/Castelló;Vinaròs;95867;0,49450801631427;0,24084408607759;0,55544919118005;40,126490098332;0,006672234020294;604;344;951;-347;6987;6562;13549;8064;7510;15574
2025;Comunidad de Madrid;Madrid;Majadahonda;173241;0,52153935846595;0,10420166126956;0,494203998551;1790,0495490455;0,08824412234979;1221;631;896;325;15027;14107;29134;17562;16504;34066
2025;Andalucía;Málaga;Coín;62258;0,5;0,23192200199171;0,48587112171838;166,01247828746;0,033261588872113;488;234;445;43;5610;5237;10847;6442;5965;12407
2025;Castilla-La Mancha;Ciudad Real;Valdepeñas;46926;0,50722414013553;0,077760729659464;0,52263214250949;28,470713312779;0,031033663945056;329;163;502;-173;3296;3077;6373;3853;3648;7501
2025;Canarias;Santa Cruz de Tenerife;Güímar;60400;0,50990066225166;0,077748344370861;0,44300833791242;260,36727355456;0,047429635761589;290;228;467;-177;3955;3748;7703;4675;4341;9016
2025;Castilla-La Mancha;Ciudad Real;Daimiel;31894;0,49476390543676;0,076942371605945;0,53167170916775;34,05259460044;0,043907945068038;216;110;371;-155;2339;2058;4397;2694;2371;5065
2025;Andalucía;Cádiz;Puerto Real;42472;0,49941137690714;0,038519495196836;0,44452758315761;216,72704870868;0,18207289508382;238;159;293;-55;3005;2837;5842;3551;3368;6919
2025;Comunidad Valenciana;Valencia/València;Llíria;196159;0,49418074113347;0,12334381802517;0,47513479774698;75,725955275845;0,0044619105034132;1185;838;1515;-330;15308;14273;29581;17840;16622;34462
2025;Andalucía;Cádiz;El Puerto de Santa María;90242;0,51155781121872;0,04588772411959;0,49360300567702;567,23868299258;0,19291460738902;567;345;691;-124;6902;6553;13455;8079;7731;15810
2025;Castilla-La Mancha;Ciudad Real;Almagro;30455;0,48937777048104;0,10582827121983;0,48807778755008;29,135455207001;0,032282602747223;209;123;322;-113;2235;2154;4389;2565;2459;5024
2025;Andalucía;Cádiz;Chiclana de la Frontera;145069;0,49921761368728;0,050534573203096;0,4477655136624;108,66266032119;0,027929238270524;941;521;981;-40;11402;10876;22278;13278;12680;25958
2025;Castilla-La Mancha;Ciudad Real;Ciudad Real;126427;0,51229563305307;0,064258425810942;0,51369699001461;29,396022240739;0,0082431759038813;806;408;1109;-303;9469;8840;18309;10880;10233;21113
2025;Comunidad de Madrid;Madrid;Parla;194604;0,50588374339685;0,20721567901996;0,44519367870722;2248,4575092645;0,070535549115126;1407;646;898;509;18107;17100;35207;20792;19710;40502
2025;Castilla-La Mancha;Toledo;Quintanar de la Orden;45954;0,49445097271184;0,13165339252296;0,53266851215689;30,602133253187;0,02059371624589;287;122;543;-256;3150;2925;6075;3669;3421;7090
2025;Castilla-La Mancha;Toledo;Torrijos;96288;0,49285476902625;0,15498296776338;0,51305823564537;50,202032258829;0,0045172023611705;734;349;788;-54;8002;7540;15542;9202;8660;17862
2025;Andalucía;Málaga;Torrox;61039;0,5036124445027;0,33678467864808;0,61286827850443;206,23373972;0,033171414996969;310;160;538;-228;3861;3759;7620;4469;4320;8789
2025;Andalucía;Cádiz;Rota;29620;0,5073936529372;0,05573936529372;0,48114811481148;351,82324671643;0,19004051316678;265;113;265;0;2182;2131;4313;2554;2461;5015
2025;Andalucía;Málaga;Ronda;54981;0,50599297939288;0,065277095723977;0,52070253077029;39,598263345221;0,0090169331223514;328;178;579;-251;3610;3369;6979;4210;3976;8186
2025;Comunidad de Madrid;Madrid;Móstoles;349739;0,51514986890224;0,1319612625415;0,51870926278948;1294,85006285;0,033330569367443;2167;1265;2103;64;27699;26082;53781;32129;30332;62461
2025;Castilla y León;Burgos;Aranda de Duero;50510;0,49483270639477;0,14351613541873;0,60593920895333;25,846893991966;0,0039976613541873;295;152;569;-274;3418;3209;6627;3890;3714;7604
2025;Comunidad Valenciana;Valencia/València;Requena;105035;0,49134098157757;0,12447279478269;0,5263609149301;27,174531646515;0,0081933887998533;594;315;1147;-553;7206;6895;14101;8394;8039;16433
2025;Galicia;A Coruña;Betanzos;81287;0,50746121766088;0,057930542399154;0,63911517986772;71,164554824007;0,017861097100397;393;282;1071;-678;4684;4496;9180;5433;5155;10588
2025;Región de Murcia;Murcia;Cartagena;260806;0,50077068779093;0,13255446577149;0,50405416315844;303,21695385517;0,060408886298628;2064;878;2210;-146;22474;21119;43593;26012;24413;50425
2025;Cataluña;Tarragona;Gandesa;22299;0,48872146733037;0,18225032512669;0,63374606198256;22,676334121056;0,014903508378552;112;75;309;-197;1506;1390;2896;1719;1565;3284
2025;Comunidad de Madrid;Madrid;Aranjuez;78586;0,50834754281933;0,16384597765505;0,48856856022579;211,19023909892;0,045641081108594;581;310;540;41;6411;6036;12447;7508;6982;14490
2025;Galicia;A Coruña;A Coruña;392368;0,52857776373201;0,082843147249521;0,55157305325762;897,99057361011;0,034154525489191;2158;1369;3898;-1740;25395;24211;49606;29342;27895;57237
2025;Castilla y León;Salamanca;Vitigudino;14106;0,47859067063661;0,037289096838225;0,89979797979798;5,982644981557;0,0074866824654149;44;21;303;-259;442;386;828;514;455;969
2025;Castilla y León;Burgos;Burgos;216413;0,509696737257;0,097748286840439;0,58627994253379;49,786739504532;0,0022822446313641;1305;617;2122;-817;14893;13947;28840;17227;16247;33474
2025;Comunidad de Madrid;Madrid;Colmenar Viejo;189517;0,5066827777983;0,12101816723566;0,45369681442674;273,390459993;0,014386812025019;1389;806;1029;360;16117;15369;31486;18486;17715;36201
2025;Galicia;A Coruña;Santiago de Compostela;162240;0,52700936883629;0,068879437869822;0,52403855186278;321,06388535483;0,044494575936884;939;603;1491;-552;10962;10307;21269;12557;11966;24523
2025;Castilla y León;Burgos;Miranda de Ebro;40052;0,49880155797463;0,13362628582842;0,55820105820106;64,694956878482;0,01671576949965;226;126;401;-175;2776;2628;5404;3249;3026;6275
2025;Región de Murcia;Murcia;Molina de Segura;153322;0,49490614523682;0,1386363339899;0,44115877730571;558,79438807243;0,024452894344365;1194;589;941;253;13597;12875;26472;15860;14979;30839
2025;Región de Murcia;Murcia;Caravaca de la Cruz;58785;0,49745683422642;0,10312154461172;0,52265133265988;25,571815023667;0,053500042527856;343;188;537;-194;4278;3912;8190;4997;4555;9552
2025;Canarias;Santa Cruz de Tenerife;La Orotava;119859;0,50883955314161;0,070048974211365;0,4347498204453;354,10954605585;0,031384098538004;562;365;993;-431;7592;7342;14934;9025;8620;17645
2025;Castilla y León;Burgos;Villarcayo de Merindad de Castilla la Vieja;22082;0,48093469794403;0,10089665791142;0,59436823104693;8,6488222213095;0,010676987173681;81;82;320;-239;1187;1128;2315;1406;1323;2729
2025;Cataluña;Tarragona;Falset;20862;0,47775860416067;0,16647493049564;0,6223656582938;19,254268438488;0,0088368727212001;106;86;261;-155;1275;1196;2471;1479;1374;2853
2025;Galicia;A Coruña;Ferrol;158449;0,51964985578956;0,050180184160203;0,62267145944064;191,55091188438;0,023620639238283;739;541;2100;-1361;8977;8376;17353;10506;9795;20301
2025;Región de Murcia;Murcia;San Javier;127432;0,49180739531672;0,28465377613158;0,47920463383208;414,56130473443;0,037855483708959;1111;337;767;344;12227;11532;23759;14023;13237;27260
2025;Comunidad Valenciana;Valencia/València;Picassent;60121;0,49481878212272;0,12755942183264;0,46105616175363;196,91788646743;0,019198320424182;428;262;491;-63;4768;4562;9330;5506;5235;10741
2025;Cataluña;Barcelona;El Prat de Llobregat;66251;0,51123756622542;0,11062474528686;0,52778802693478;1967,0724287321;0,20924967170307;438;250;506;-68;4990;4759;9749;5746;5511;11257
2025;Galicia;A Coruña;Ribeira;55190;0,50871534698315;0,046693241529263;0,53749721417428;293,68880064616;0,07890318294377;282;220;591;-309;3526;3285;6811;4116;3797;7913
2025;Comunidad de Madrid;Madrid;Collado Villalba;183861;0,51359450889531;0,15308847444537;0,43677325581395;704,47527559202;0,020899619821496;1169;721;1144;25;14105;13385;27490;16574;15618;32192
2025;Cataluña;Girona;Sant Feliu de Guíxols;54189;0,50744616065991;0,24359187288933;0,51896285914506;389,84892621279;0,052339958294119;304;207;480;-176;3996;3781;7777;4643;4383;9026
2025;Cataluña;Barcelona;Cerdanyola del Vallès;182572;0,50981530574239;0,12102622527003;0,48644005699165;2690,8179964413;0,03859408890739;1121;621;1324;-203;13710;13080;26790;16123;15237;31360
2025;Galicia;A Coruña;Carballo;67032;0,51053228308867;0,040875999522616;0,66212898906494;90,154939077152;0,041858472712393;318;218;882;-564;4007;3615;7622;4597;4165;8762
2025;Cataluña;Tarragona;Tortosa;84077;0,48869488682993;0,21113978852718;0,55381630012937;83,901644589827;0,015900390628319;601;313;921;-320;6290;5877;12167;7248;6700;13948
2025;Galicia;A Coruña;Arzúa;25993;0,5029431000654;0,054745508406109;0,68818601026174;35,512959615055;0,044561447862337;119;75;426;-307;1380;1299;2679;1578;1498;3076
2025;Comunidad de Madrid;Madrid;Arganda del Rey;235655;0,50268825189366;0,14728310453841;0,432483526637;225,14522060406;0,00630775729543;1746;920;1113;633;21411;20151;41562;24693;23086;47779
2025;Región de Murcia;Murcia;Jumilla;27434;0,48130057592768;0,19938762119997;0,45145759483625;28,292391930992;0,1555369249836;228;90;190;38;2362;2222;4584;2753;2529;5282
2025;Cataluña;Barcelona;Santa Coloma de Gramenet;123250;0,50469776876268;0,23823123732252;0,49853490096903;17383,638553945;0,19416632860041;917;306;967;-50;9499;9012;18511;11037;10335;21372
2025;Castilla y León;Salamanca;Ciudad Rodrigo;24128;0,49411472148541;0,057940981432361;0,79603989876433;8,4734572443642;0,0063061659654258;92;55;388;-296;1036;1003;2039;1203;1183;2386
2025;Castilla y León;Burgos;Briviesca;14916;0,46701528559936;0,12858675248056;0,61656009537228;8,7923229236676;0,0044447913289546;61;34;247;-186;713;631;1344;854;743;1597
2025;Galicia;A Coruña;Negreira;27829;0,51586474540946;0,047001329548313;0,65127870408829;56,595216649545;0,070349275935176;157;99;360;-203;1748;1652;3400;2013;1891;3904
2025;Comunidad Valenciana;Valencia/València;Massamagrell;82204;0,50694613400808;0,13467714466449;0,47878177337243;1050,6646311538;0,023088900783417;502;349;607;-105;6483;5921;12404;7417;6903;14320
2025;Extremadura;Cáceres;Logrosán;11668;0,49065821049023;0,034367500857045;0,68954532290762;5,8724350880996;0,026546966061022;54;22;219;-165;622;504;1126;708;590;1298
2025;Andalucía;Córdoba;Lucena;65428;0,50270526380143;0,059729779299383;0,4881160870653;90,418874589732;0,031474801817774;501;258;588;-87;5110;4774;9884;5960;5544;11504
2025;Comunidad de Madrid;Madrid;San Lorenzo de el Escorial;95225;0,50798634812287;0,1271829876608;0,44696854581371;141,92562525898;0,014171698608559;609;367;576;33;7579;7004;14583;8935;8345;17280
2025;Comunidad Valenciana;Valencia/València;Alzira;146802;0,50576286426615;0,13740957207667;0,50788857389375;263,79989078678;0,0086090522401365;1036;530;1431;-395;11324;10737;22061;13135;12464;25599
2025;Extremadura;Cáceres;Trujillo;29242;0,50013678954928;0,034915532453321;0,59574351978172;12,53069234127;0,012402770610144;168;91;388;-220;1669;1526;3195;1968;1767;3735
2025;Andalucía;Córdoba;Cabra;30288;0,50914553618595;0,035987849973587;0,52254561906198;85,095383166834;0,056053552562071;183;116;319;-136;2008;1901;3909;2345;2176;4521
2025;Comunidad de Madrid;Madrid;Coslada;158841;0,51238030483314;0,16729307924276;0,4954667419856;1903,8834881815;0,051792358396132;968;555;943;25;10954;10409;21363;12818;12078;24896
2025;Castilla y León;Salamanca;Béjar;31412;0,48981281039093;0,06246020629059;0,68845409589336;19,66580896587;0,0044032557141586;134;60;471;-337;1529;1409;2938;1794;1673;3467
2025;Región de Murcia;Murcia;Mula;37608;0,49324611784727;0,12077217613274;0,49415971394517;46,429055543663;0,03746543288662;315;119;330;-15;2967;2847;5814;3432;3278;6710
2025;Extremadura;Cáceres;Navalmoral de la Mata;54993;0,49282635971851;0,11757860091284;0,57091438855086;19,298904275025;0,0054155652868216;320;176;622;-302;3786;3665;7451;4369;4223;8592
2025;Comunidad Valenciana;Valencia/València;Catarroja;108699;0,50781515929309;0,13806014774745;0,4643737622762;2803,6884540693;0,025789434256853;701;421;880;-179;8364;7863;16227;9759;9190;18949
2025;Extremadura;Cáceres;Valencia de Alcántara;7899;0,5014558804912;0,04354981643246;0,7123347062649;5,7341762582808;0,041381820483606;41;18;109;-68;383;342;725;446;396;842
2025;Andalucía;Córdoba;Baena;22171;0,50191691849714;0,031933606964052;0,52106201975851;42,462605321715;0,069956249154301;168;75;241;-73;1560;1600;3160;1812;1853;3665
2025;Comunidad Valenciana;Valencia/València;Sueca;99506;0,50128635459168;0,14531787027918;0,51342225737274;266,05171070211;0,015473582353971;575;331;966;-391;6842;6429;13271;7933;7426;15359
2025;Región de Murcia;Murcia;Lorca;154614;0,4926914768391;0,19947094053579;0,48131754426305;74,632902400914;0,055111438808905;1317;528;1088;229;13628;12918;26546;15633;14704;30337
2025;Extremadura;Cáceres;Cáceres;142914;0,51444924919882;0,034125418083603;0,53509205353498;25,605357707884;0,0056358301103478;852;419;1551;-699;9370;8881;18251;10900;10267;21167
2025;Aragón;Teruel;Teruel;62603;0,49519991054742;0,12481829944252;0,568447161397;8,1107518157079;0,0020561592756008;410;219;763;-353;4320;4163;8483;4956;4764;9720
2025;Canarias;Santa Cruz de Tenerife;Los Llanos de Aridane;42525;0,50377425044092;0,16467960023516;0,46365388586769;99,725621938639;0,0303989250021;177;126;380;-203;2510;2335;4845;2923;2714;5637
2025;Andalucía;Córdoba;Peñarroya-Pueblonuevo;32129;0,50813906439665;0,025459864919543;0,63232230859117;11,932111591798;0,025476841935493;168;97;466;-298;1913;1780;3693;2177;2043;4220
2025;Comunidad de Madrid;Madrid;Valdemoro;157125;0,50361177406523;0,1394876690533;0,40208807388569;349,92093941611;0,016171042163882;1117;604;871;246;13858;13148;27006;16140;15327;31467
2025;Comunidad Valenciana;Valencia/València;Sagunto/Sagunt;103041;0,50884599334246;0,17100959812114;0,52310352982913;377,42574522237;0,013178613367494;579;336;910;-331;7617;7227;14844;8928;8401;17329
2025;Andalucía;Córdoba;Puente Genil;29977;0,50788938185943;0,059478933849284;0,50245589414595;175,2528469171;0,19201387730593;260;127;298;-38;2269;2331;4600;2655;2696;5351
2025;Castilla y León;Burgos;Lerma;8786;0,45083086728887;0,093102663328022;0,69483024691358;6,5880835861553;0,0078146017424415;26;8;140;-114;324;320;644;377;375;752
2025;Castilla y León;Burgos;Salas de los Infantes;9904;0,43992326332795;0,089458804523425;0,76447532513807;6,5235146667284;0,0076947024771136;37;12;175;-138;364;335;699;431;385;816
2025;Extremadura;Cáceres;Plasencia;99947;0,50192602079102;0,044933814921909;0,58883095412202;28,062624024795;0,0043097841856184;555;290;1180;-625;6218;5905;12123;7210;6864;14074
2025;Región de Murcia;Murcia;Yecla;36398;0,49563162811143;0,11528105939887;0,49031650493387;60,134149878168;0,17674048024617;270;131;274;-4;3048;2944;5992;3463;3426;6889
2025;Región de Murcia;Murcia;Totana;101047;0,48822825022019;0,24399536849189;0,48970956803774;98,64017763381;0,035100497788158;792;270;807;-15;8653;8024;16677;9971;9149;19120
2025;Andalucía;Córdoba;Montilla;56824;0,50443474588202;0,032415880613825;0,53536881923804;77,984245273025;0,024533843290003;387;189;548;-161;4005;3841;7846;4611;4461;9072
2025;Región de Murcia;Murcia;Cieza;80179;0,4916499332743;0,13680639568964;0,49788895531311;70,394823792817;0,020574797224543;598;259;705;-107;6565;6179;12744;7478;7130;14608
2025;Cataluña;Tarragona;Tarragona;233763;0,50507137570959;0,20999473826055;0,4779131446346;1084,2942602905;0,013784177860614;1578;718;1741;-163;18781;17755;36536;21837;20502;42339
2025;Comunidad Valenciana;Valencia/València;Moncada;109585;0,51421271159374;0,12223388237441;0,47176931961643;2176,0325585518;0,015693297440343;662;401;813;-151;8158;7659;15817;9548;8983;18531
2025;Andalucía;Córdoba;Córdoba;340705;0,51967831408403;0,040093335877078;0,52500078330267;153,02267838894;0,03574548852135;2303;1357;3117;-814;24636;23430;48066;28740;27221;55961
2025;Castilla y León;Salamanca;Peñaranda de Bracamonte;17311;0,48414303044307;0,040667783490266;0,70618963138183;16,773899707685;0,0101546923221;58;41;274;-216;774;718;1492;918;829;1747
2025;Extremadura;Cáceres;Coria;41527;0,50167360994052;0,025814530305584;0,63447081512969;19,099723322003;0,0081466408735414;183;101;577;-394;2187;2090;4277;2565;2436;5001
2025;Canarias;Santa Cruz de Tenerife;San Cristóbal de la Laguna;207488;0,51613587291795;0,065492944170265;0,41983782119273;1171,6528435031;0,04732080891425;952;721;1692;-740;12438;11692;24130;14712;13776;28488
2025;Región de Murcia;Murcia;Murcia;549364;0,50778718663764;0,13440087082517;0,46700099604519;574,97933726147;0,042234747817476;4272;2267;3859;413;45688;43091;88779;52737;49632;102369
2025;Principado de Asturias;Asturias;Tineo;10212;0,49294947121034;0,051899725812769;0,73408048904738;11,601908496223;0,17371719545633;36;21;196;-160;449;406;855;503;467;970
2025;Castilla y León;León;Ponferrada;117259;0,5141097911461;0,05180838997433;0,64044487968663;39,142960350389;0,0080600048448998;480;352;1656;-1176;6122;5673;11795;7089;6570;13659
2025;Castilla y León;Palencia;Cervera de Pisuerga;22283;0,49656688955706;0,066104204999327;0,64098976360557;10,750296711783;0,010399144546562;107;60;351;-244;1110;1038;2148;1281;1186;2467
2025;Extremadura;Badajoz;Mérida;84447;0,509372742667;0,041742157803119;0,49458426250398;50,523803091608;0,012124468601608;614;261;707;-93;6538;6083;12621;7521;7029;14550
2025;Andalucía;Sevilla;Marchena;45740;0,50378224748579;0,028946217752514;0,49662980171455;66,320611694952;0,062111937035418;312;165;443;-131;3722;3533;7255;4345;4135;8480
2025;Cantabria;Cantabria;Reinosa;17425;0,49750358680057;0,063931133428981;0,70950652408516;17,208006818382;0,028819616538411;78;48;249;-171;950;891;1841;1081;1024;2105
2025;Andalucía;Jaen;Jaén;194453;0,50963986156038;0,043306094531841;0,49793550772644;79,158558372136;0,0088164816400252;1265;671;1897;-632;14192;13219;27411;16524;15433;31957
2025;Castilla y León;Ávila;Arenas de San Pedro;32706;0,49250901975173;0,089494282394668;0,64484007242004;28,205769196525;0,011960088872582;141;109;446;-305;1915;1818;3733;2237;2078;4315
2025;La Rioja;La Rioja;Haro;31367;0,48621162368094;0,13759683744062;0,5831524756473;31,636543242222;0,0051887366353434;163;102;399;-236;2054;1841;3895;2366;2140;4506
2025;Castilla y León;Zamora;Zamora;101235;0,51255000740851;0,052916481454043;0,69977165116357;19,960329633719;0,0028988357422199;463;260;1473;-1010;5321;4913;10234;6125;5722;11847
2025;Comunidad Valenciana;Alicante/Alacant;Villena;53958;0,49894362281775;0,10004077245265;0,52307562028961;83,703828974738;0,029943924639799;321;188;514;-193;4062;3779;7841;4765;4432;9197
2025;País Vasco;Gipuzkoa;Bergara;87922;0,50458360819818;0,090421055026046;0,61168038421352;214,02108107983;0,02295112816939;520;282;975;-455;6257;5924;12181;7234;6866;14100
2025;Cataluña;Lleida;Solsona;21714;0,49143409781708;0,16044947959842;0,5708601606019;13,136593081646;0,0089821525991739;130;90;223;-93;1548;1471;3019;1794;1665;3459
2025;Andalucía;Jaen;Alcalá la Real;37127;0,50682791499448;0,061087618175452;0,58493062966916;57,912306969123;0,06263635629057;244;112;477;-233;2460;2289;4749;2830;2650;5480
2025;Principado de Asturias;Asturias;Pravia;20353;0,51107944774726;0,043335134869552;0,66786855691223;63,774519141834;0,063007910381762;70;67;303;-233;974;913;1887;1139;1053;2192
2025;Comunidad Valenciana;Alicante/Alacant;Torrevieja;153318;0,50777469051253;0,5032155389452;0,58870524843272;738,41930824935;0,040516008122551;883;425;1527;-644;10888;10176;21064;12528;11755;24283
2025;Cataluña;Lleida;Cervera;55426;0,48271569299607;0,25601703171797;0,50708323136743;54,796931383448;0,0052151617572178;430;162;493;-63;4564;4354;8918;5226;4981;10207
2025;Principado de Asturias;Asturias;Cangas del Narcea;13141;0,5062019633209;0,040027395175405;0,70928720083247;10,56223103495;0,11133094893844;52;25;214;-162;572;586;1158;683;674;1357
2025;Andalucía;Sevilla;Coria del Río;65045;0,50569605657622;0,03480667230379;0,45267554046811;112,40236616444;0,032039357367976;446;290;479;-33;5544;5259;10803;6450;6149;12599
2025;Andalucía;Almería;Roquetas de Mar;110054;0,48165446053755;0,30578625038617;0,38920235796064;1844,9957616892;0,11595216893525;940;359;500;440;9922;9529;19451;11372;10897;22269
2025;País Vasco;Gipuzkoa;Irun;80505;0,50960809887585;0,11414197875908;0,56141507787195;1133,394329463;0,12022234643811;472;278;767;-295;5342;5084;10426;6225;5911;12136
2025;Castilla y León;Zamora;Benavente;32965;0,49865008342181;0,063218565144851;0,68886725754393;23,272478310485;0,0056613074472926;127;54;504;-377;1688;1538;3226;1951;1801;3752
2025;Galicia;Pontevedra;Cambados;57818;0,51056764329448;0,044467120965789;0,55008042895442;303,85747210089;0,040915747114509;280;200;598;-318;3520;3405;6925;4134;3939;8073
2025;Andalucía;Almería;El Ejido;99307;0,47588790316896;0,32608980233015;0,41711260470625;397,22799090817;0,054900460189111;1057;230;501;556;10052;9555;19607;11389;10799;22188
2025;Castilla y León;Ávila;Arévalo;17910;0,49112227805695;0,046621998883305;0,64735099337748;14,062168749935;0,0057151586022355;77;29;270;-193;901;845;1746;1040;985;2025
2025;Galicia;Pontevedra;Ponteareas;54712;0,50612297119462;0,05523468343325;0,56893782977747;80,53343568486;0,02848857045377;262;230;631;-369;3315;3029;6344;3861;3540;7401
2025;Aragón;Zaragoza;Caspe;22432;0,47454529243937;0,23203459343795;0,59306867409985;10,95499713782;0,014847650677603;150;47;255;-105;1696;1562;3258;1929;1756;3685
2025;Castilla y León;Palencia;Carrión de los Condes;15803;0,46617730810606;0,074036575333797;0,75745106761566;6,9811103754158;0,0054147459829925;54;31;277;-223;706;639;1345;824;737;1561
2025;Comunidad Valenciana;Alicante/Alacant;Villajoyosa;76695;0,4984809961536;0,2738640067801;0,47729023807689;172,79097137314;0,013611429316495;471;297;664;-193;5625;5358;10983;6586;6206;12792
2025;Principado de Asturias;Asturias;Piloña;13081;0,50913538720281;0,049078816604235;0,65540369526702;31,216589380906;0,10116453889866;55;60;190;-135;646;646;1292;733;743;1476
2025;País Vasco;Gipuzkoa;Azpeitia;71745;0,50269705205938;0,080075266569099;0,56154097290238;218,56816704881;0,019964647520575;491;264;653;-162;5642;5275;10917;6529;6100;12629
2025;Galicia;Pontevedra;Vilagarcía de Arousa;56245;0,51961952173527;0,049284380833852;0,5443437671609;492,3406708207;0,060649835540937;267;171;564;-297;3506;3276;6782;4095;3836;7931
2025;Cantabria;Cantabria;San Vicente de la Barquera;20438;0,48600645855759;0,059497015363539;0,63334132502198;16,413823061398;0,015448519527609;91;71;289;-198;1053;1036;2089;1198;1184;2382
2025;Castilla-La Mancha;Guadalajara;Sigüenza;10725;0,45221445221445;0,20904428904429;0,6366549671906;4,0529969582785;0,0041958041958042;43;28;177;-134;575;490;1065;662;565;1227
2025;Comunidad Valenciana;Alicante/Alacant;Benidorm;132968;0,50116569400156;0,39240268335239;0,52348216638596;988,90378396217;0,056224053907707;735;386;1057;-322;8872;8151;17023;10292;9419;19711
2025;Extremadura;Badajoz;Almendralejo;50429;0,50566142497373;0,093775407007872;0,50556799522317;79,334539019313;0,023728905986635;385;167;451;-66;4106;3856;7962;4715;4446;9161
2025;País Vasco;Bizkaia;Getxo;155420;0,51968215158924;0,067751898082615;0,59318524289361;1201,2675872263;0,02057114056535;906;509;1308;-402;10855;10269;21124;12588;11841;24429
2025;Andalucía;Jaen;Baeza;22054;0,50204044617756;0,035911852725129;0,50282793867121;69,815440954525;0,051317221365739;158;84;229;-71;1609;1482;3091;1859;1714;3573
2025;Castilla-La Mancha;Guadalajara;Molina de Aragón;7584;0,45160864978903;0,15110759493671;0,63166953528399;2,1883972263943;0,0048200890764182;35;12;145;-110;363;321;684;417;380;797
2025;Extremadura;Badajoz;Llerena;28168;0,5;0,025596421471173;0,58532192705988;11,110409842393;0,013028969042886;154;82;372;-218;1647;1678;3325;1959;1927;3886
2025;Canarias;Las Palmas;Telde;181573;0,50488233382717;0,058610035633051;0,37840382002171;706,17998623374;0,039857247498251;910;676;1283;-373;11638;11060;22698;13766;13000;26766
2025;La Rioja;La Rioja;Logroño;218434;0,51423771024657;0,12965014603954;0,54668724818909;88,083908007169;0,0024499064117439;1362;752;2120;-758;15845;15074;30919;18406;17418;35824
2025;Principado de Asturias;Asturias;Valdés;24818;0,50741397372875;0,03731162865662;0,72263483029083;29,628833830424;0,055530931850539;96;70;419;-323;1187;1136;2323;1374;1304;2678
2025;Andalucía;Jaen;Andújar;59887;0,50688797234792;0,021523869955082;0,52551137376774;35,681006417162;0,027533104012557;409;205;635;-226;4117;3920;8037;4805;4592;9397
2025;Andalucía;Sevilla;Lebrija;52939;0,50195508037553;0,024632123765088;0,44574924215528;83,323888300197;0,055472650912686;367;227;448;-81;4150;4027;8177;4886;4689;9575
2025;Andalucía;Jaen;La Carolina;32116;0,49713538423216;0,022792377631087;0,53261751371988;20,998672599194;0,024591411688186;217;108;349;-132;2330;2093;4423;2728;2429;5157
2025;Comunidad Valenciana;Alicante/Alacant;Alicante;423925;0,51676829627882;0,20724184702483;0,49639249129891;1584,8255853621;0,066678461205795;2927;1469;3359;-432;31264;29406;60670;36307;34133;70440
2025;Castilla y León;Ávila;Ávila;99586;0,50274134918563;0,11224469302914;0,60193674999196;26,75036742824;0,0023492586410543;603;294;1114;-511;7040;6419;13459;8139;7386;15525
2025;Castilla y León;Ávila;Piedrahíta;10536;0,47361427486712;0,050968109339408;0,76040100250627;5,5651512341175;0,005711073936978;33;22;216;-183;417;358;775;480;436;916
2025;Castilla y León;León;Astorga;32415;0,49723893259294;0,04920561468456;0,74640374979796;13,916078457032;0,013328349885499;116;77;559;-443;1414;1394;2808;1628;1628;3256
2025;Canarias;Las Palmas;Santa María de Guía de Gran Canaria;60639;0,4984910701034;0,055146028133709;0,42733735053197;198,43254270978;0,040647108296641;258;208;561;-303;3320;3047;6367;3982;3587;7569
2025;Aragón;Zaragoza;La Almunia de Doña Godina;40666;0,47014705159101;0,24098755717307;0,50025824540692;22,39736500911;0,0053400357728039;267;114;443;-176;2940;2806;5746;3390;3186;6576
2025;Extremadura;Badajoz;Villanueva de la Serena;43548;0,50808303481216;0,045535960319647;0,55273479284033;38,766535241618;0,023080279232112;275;120;488;-213;2977;2948;5925;3440;3393;6833
2025;Castilla y León;Segovia;Cuéllar;20303;0,48776042949318;0,19760626508398;0,58790865008603;18,086338547064;0,0085876392015799;112;58;252;-140;1171;1096;2267;1313;1257;2570
2025;Galicia;Pontevedra;Cangas;51874;0,50931102286309;0,027740293788796;0,54189578812829;471,41037595532;0,080894732107286;248;162;527;-279;3229;2972;6201;3766;3469;7235
2025;Principado de Asturias;Asturias;Llanes;18822;0,50924450111572;0,0631176283073;0,63498957609451;26,381666803768;0,058920412283498;84;57;284;-200;969;928;1897;1126;1091;2217
2025;Castilla y León;Zamora;Toro;16684;0,49346679453368;0,075761208343323;0,69604554234014;14,594760304583;0,012603046677609;70;40;273;-203;766;732;1498;893;844;1737
2025;País Vasco;Gipuzkoa;Tolosa;109048;0,49986244589539;0,12001137113931;0,56930693069307;173,29010976594;0,0047246420471485;733;386;988;-255;8542;8152;16694;9992;9454;19446
2025;País Vasco;Gipuzkoa;Eibar;55659;0,5075189996227;0,11067392515137;0,61700705964382;306,64426002631;0,041933919042742;314;188;563;-249;4018;3832;7850;4676;4426;9102
2025;Aragón;Huesca;Monzón;43550;0,47793340987371;0,19099885189437;0,55691405691406;30,303451996432;0,0082587064676617;309;162;518;-209;3301;3026;6327;3814;3435;7249
2025;Galicia;Pontevedra;Caldas de Reis;35171;0,51306474083762;0,027721702539024;0,59231256791018;97,475196114811;0,033351340593102;168;120;434;-266;2094;1929;4023;2435;2247;4682
2025;Galicia;Pontevedra;Vigo;341366;0,52576999466848;0,070874076504397;0,5552619469591;1350,2867692958;0,061249509324303;1687;1241;3455;-1768;21348;20258;41606;24789;23568;48357
2025;Cantabria;Cantabria;Castro-Urdiales;36129;0,50361205679648;0,098646516648676;0,43991869594675;185,06812891649;0,061049756889664;165;146;278;-113;2485;2376;4861;2927;2838;5765
2025;Andalucía;Huelva;Ayamonte;99406;0,49021185843913;0,17551254451442;0,42748826055114;126,26190668491;0,022324033329405;735;343;686;49;7918;7486;15404;9217;8627;17844
2025;Castilla-La Mancha;Albacete;La Roda;30846;0,49063087596447;0,12202554626208;0,544694276128;25,472773406877;0,027414413538222;201;105;296;-95;2277;2180;4457;2607;2470;5077
2025;Aragón;Huesca;Fraga;26797;0,47210508639027;0,24603500391835;0,53300915331808;17,715970327729;0,013441336716797;198;70;296;-98;1937;1859;3796;2251;2109;4360
2025;Cataluña;Lleida;Lleida;257619;0,48819380558111;0,22570540216366;0,49428374216226;118,04605991164;0,0029398213879949;1864;819;2200;-336;20137;18916;39053;23303;21833;45136
2025;Andalucía;Almería;Almería;335577;0,49634808106634;0,16905211024593;0,47736257737314;94,061075610804;0,0034780269009298;2872;1115;2596;276;29058;27274;56332;33183;31232;64415
2025;Comunidad Valenciana;Alicante/Alacant;Elda;89589;0,50833249617699;0,085892241234973;0,52866600689349;597,73820150612;0,10656442197145;584;290;741;-157;6710;6180;12890;7732;7195;14927
2025;Principado de Asturias;Asturias;Castropol;17260;0,51239860950174;0,048551564310545;0,69781625024592;21,380437995886;0,029637627725693;60;51;288;-228;802;795;1597;919;915;1834
2025;Castilla-La Mancha;Albacete;Villarrobledo;33658;0,49970289381425;0,1150395151227;0,49817502003027;18,297263848153;0,050782874799453;233;80;340;-107;2443;2280;4723;2823;2649;5472
2025;Aragón;Zaragoza;Daroca;11557;0,46378818032361;0,21320411871593;0,61095623083357;7,5994397242273;0,0061961318380353;49;33;174;-125;603;573;1176;702;657;1359
2025;País Vasco;Araba/Álava;Vitoria-Gasteiz;305064;0,50780819762411;0,12077465712113;0,55969569307538;130,5566964565;0,0051374465685889;1895;987;2660;-765;22563;21137;43700;25916;24199;50115
2025;Principado de Asturias;Asturias;Oviedo;241602;0,53363796657312;0,093256678338755;0,57584335620548;598,36541384938;0,051473083832087;1241;902;2561;-1320;14620;13824;28444;16949;15995;32944
2025;Cataluña;Lleida;Balaguer;64980;0,47805478608803;0,19933825792552;0,55488023737168;33,36002967477;0,0054639701521669;430;205;742;-312;4820;4576;9396;5646;5262;10908
2025;Andalucía;Sevilla;Sevilla;1007830;0,52025143129298;0,073075816357918;0,4922502428277;598,04061959746;0,0084593286738749;7145;4002;8615;-1470;76414;71845;148259;88821;83648;172469
2025;Aragón;Huesca;Boltaña;12828;0,47006548175865;0,12963829123792;0,50298769771529;4,3948514044043;0,007146665057284;80;52;108;-28;880;695;1575;1003;809;1812
2025;Principado de Asturias;Asturias;Langreo;38615;0,52306098666321;0,05824161595235;0,62391185499811;462,23365545622;0,28885148258449;162;126;554;-392;2061;1939;4000;2399;2288;4687
2025;Castilla-La Mancha;Albacete;Almansa;44965;0,49149338374291;0,098521071944846;0,54694326899921;27,53521165354;0,025157838812904;292;157;462;-170;3224;2975;6199;3740;3428;7168
2025;Aragón;Huesca;Barbastro;29322;0,49965895914331;0,1499897687743;0,58763333152851;12,015686524867;0,0059890101663448;192;106;353;-161;2027;1900;3927;2309;2202;4511
2025;Cataluña;Lleida;Tremp;24976;0,48086162716208;0,145699871877;0,54382494745951;7,9211186027872;0,0075022021140295;138;80;250;-112;1577;1458;3035;1819;1699;3518
2025;Andalucía;Sevilla;Lora del Río;79291;0,50203680115019;0,047886897630248;0,48964830540317;75,985625646696;0,018807935326834;583;289;718;-135;6255;5845;12100;7253;6798;14051
2025;Andalucía;Huelva;Moguer;51226;0,49422168430094;0,27509467848358;0,37180654490922;83,828629977979;0,026482645531566;412;178;310;102;3936;3739;7675;4579;4297;8876
2025;País Vasco;Araba/Álava;Amurrio;36897;0,50502750901157;0,072200991950565;0,60778247418188;58,453471119636;0,035558446486164;199;107;365;-166;2674;2484;5158;3062;2878;5940
2025;Aragón;Zaragoza;Tarazona;23561;0,48240736810831;0,13140359067951;0,57451216252339;23,521248834017;0,0079861334545469;140;87;311;-171;1576;1420;2996;1864;1631;3495
2025;Aragón;Huesca;Jaca;33342;0,4938815907864;0,11813928378622;0,52066040317431;10,077983371556;0,0087231166050673;217;135;300;-83;2100;2082;4182;2419;2405;4824
2025;Aragón;Zaragoza;Zaragoza;833963;0,51484538282873;0,13856370126732;0,53580952170486;153,36291528617;0,0031649476959557;5284;2818;7706;-2422;60607;57315;117922;70191;66120;136311
2025;Principado de Asturias;Asturias;Laviana;30205;0,51385532196656;0,043502731335872;0,67146256432959;53,776172552002;0,078844562158583;119;97;427;-308;1519;1329;2848;1763;1567;3330
2025;Aragón;Zaragoza;Calatayud;33242;0,48850851332651;0,18557848504903;0,54542073454207;16,218774376892;0,0046360360721711;134;95;417;-283;1932;1794;3726;2322;2100;4422
2025;Comunidad Valenciana;Alicante/Alacant;Ibi;46538;0,49770080364433;0,11732347758821;0,50224345524387;157,27079390334;0,051495552022004;274;166;389;-115;3328;3129;6457;3838;3605;7443
2025;Cataluña;Lleida;Vielha e Mijaran;10651;0,48915594779833;0,20307952304948;0,41091535302689;16,849115540551;0,019518250764143;55;29;66;-11;701;647;1348;799;757;1556
2025;Castilla y León;Segovia;Segovia;102899;0,50958707081701;0,13429673757762;0,53228400393126;57,863689771077;0,004171379403403;644;318;878;-234;7440;7125;14565;8593;8205;16798
2025;Andalucía;Huelva;Aracena;38922;0,4973022969015;0,041801551821592;0,53151806091131;12,560467492104;0,0073861536140934;202;134;428;-226;2501;2466;4967;2886;2826;5712
2025;Galicia;Pontevedra;Marín;35805;0,50663315179444;0,033291439743053;0,54106051476285;532,65396235923;0,12185448959643;147;116;383;-236;2216;1980;4196;2589;2388;4977
2025;Principado de Asturias;Asturias;Villaviciosa;19041;0,50438527388267;0,057402447350454;0,66209846368715;49,19519306172;0,10221802076221;65;83;290;-225;982;905;1887;1139;1068;2207
2025;País Vasco;Gipuzkoa;Donostia-San Sebastián;328270;0,51962104365309;0,098958174673287;0,56734019594737;1139,2330360858;0,022339149868318;1900;1126;3381;-1481;21183;20123;41306;24618;23288;47906
2025;Castilla y León;Zamora;Puebla de Sanabria;7631;0,47634648145721;0,058576857554711;0,83481606155326;4,021225893066;0,015276755743274;22;13;147;-125;266;212;478;294;251;545
2025;Andalucía;Almería;Vélez-Rubio;11457;0,4993453783713;0,16321899275552;0,60058675607712;9,9982544339838;0,066465916033866;64;34;159;-95;694;677;1371;820;779;1599
2025;Cantabria;Cantabria;Medio Cudeyo;52304;0,49711303150811;0,057223156928724;0,52645556690501;62,984995972638;0,011019233710615;313;189;516;-203;3671;3392;7063;4227;3891;8118
2025;Andalucía;Almería;Vera;76074;0,48769619055131;0,31245892157636;0,52535440017645;82,369499667113;0,019494176722665;641;247;614;27;6327;5911;12238;7251;6732;13983
2025;Castilla y León;Palencia;Palencia;120616;0,50963387941898;0,071226039663063;0,62070355540028;32,463275080265;0,0027741613668392;663;353;1457;-794;7696;7162;14858;8870;8174;17044
2025;Andalucía;Sevilla;Sanlúcar la Mayor;121535;0,50313078537047;0,048660879582013;0,44226090877805;99,877551052525;0,0095358332990497;812;448;838;-26;10508;9918;20426;12349;11653;24002
2025;Principado de Asturias;Asturias;Gijón;281555;0,52875992257285;0,076823356005043;0,61385639197299;1123,7926380817;0,14139688515565;1233;956;3497;-2264;15452;14627;30079;18132;17170;35302
2025;Andalucía;Huelva;La Palma del Condado;78475;0,50500159286397;0,13697355845811;0,45910417790008;42,905724457483;0,015980769787715;553;294;715;-162;5974;5785;11759;6955;6678;13633
2025;Principado de Asturias;Asturias;Mieres;40511;0,52050060477401;0,044111475895436;0,65216150081566;167,00058112098;0,1042268355097;157;138;630;-473;1888;1761;3649;2186;2077;4263
2025;Andalucía;Sevilla;Osuna;37623;0,49852483852962;0,030220875528267;0,49505265249354;42,04109973933;0,024290327725062;300;126;389;-89;2933;2629;5562;3397;3030;6427
2025;Andalucía;Almería;Berja;50145;0,48694785123143;0,14575730381893;0,46910614361468;63,975964073232;0,019124538837372;409;164;429;-20;4151;3779;7930;4747;4309;9056
2025;Cataluña;Lleida;"La Seu D'Urgell";22860;0,49440069991251;0,15621172353456;0,51300549341452;14,40980314337;0,0099777300564702;126;79;247;-121;1517;1421;2938;1768;1630;3398
2025;Andalucía;Almería;Purchena;29202;0,48472707348812;0,13557290596534;0,52276164154977;25,42266625637;0,010984244392915;177;108;344;-167;1838;1739;3577;2164;2037;4201
2025;Castilla y León;León;Villablino;10062;0,49781355595309;0,031405287219241;0,63158748175774;10,129564174496;0,066487775790101;35;28;170;-135;291;324;615;357;392;749
2025;Comunidad Valenciana;Alicante/Alacant;Elche/Elx;316077;0,50437393419958;0,15721485587373;0,49346531846532;646,09676443011;0,063277829980247;2230;1072;2369;-139;24690;23469;48159;28595;27149;55744
2025;Castilla y León;Zamora;Villalpando;7049;0,4812030075188;0,069087813874308;0,86728476821192;6,8298307181844;0,013562207405306;18;7;156;-138;208;227;435;245;270;515
2025;Andalucía;Huelva;Huelva;222933;0,51258001282897;0,072371519694258;0,48796587996583;243,09797741178;0,023988148905725;1414;751;1896;-482;17091;15956;33047;20037;18587;38624
2025;Aragón;Huesca;Huesca;84248;0,50217215838952;0,12876270059823;0,58904522992191;21,011834229746;0,0039726583965217;508;263;889;-381;6012;5692;11704;6956;6553;13509
2025;Andalucía;Sevilla;Alcalá de Guadaira;77718;0,50397591291593;0,032630793381199;0,4480175883142;272,76173796289;0,16339844051571;509;317;562;-53;6428;6108;12536;7680;7261;14941
2025;Andalucía;Almería;Huércal-Overa;58738;0,49334332118901;0,32071231570704;0,54781417165143;65,645921266501;0,027180019748715;416;166;529;-113;4437;4213;8650;5107;4829;9936
2025;Andalucía;Huelva;Valverde del Camino;47827;0,50408764923579;0,043845526585402;0,576627657821;16,582356925213;0,013568579347324;302;155;531;-229;3252;3067;6319;3744;3506;7250
2025;Ciudad Autónoma de Ceuta;Ceuta;Ceuta;83567;0,49565019684804;0,063505929374035;0,44177981746347;4205,686787642;0,13687221032226;685;291;522;163;7914;7443;15357;9092;8680;17772
2025;Castilla y León;Segovia;Sepúlveda;17266;0,46559712730221;0,16732306266651;0,63550251018282;7,1200880939804;0,0033785088227345;106;55;268;-162;1031;920;1951;1184;1059;2243
2025;País Vasco;Bizkaia;Gernika-Lumo;96719;0,50488528624159;0,093993941211137;0,5806599225351;162,05452157056;0,006375495806898;530;283;1006;-476;6728;6400;13128;7870;7353;15223
2025;Castilla y León;Segovia;Santa María la Real de Nieva;17783;0,47551031884384;0,13479165495136;0,60496389891697;11,65334211447;0,0067386455228777;73;50;218;-145;938;868;1806;1094;1011;2105
2025;Extremadura;Badajoz;Fregenal de la Sierra;13282;0,50075289865984;0,024017467248908;0,54065653636469;18,236489558343;0,035590595220169;77;38;196;-119;719;741;1460;853;849;1702
2025;Galicia;Lugo;A Fonsagrada;5930;0,46188870151771;0,056998313659359;0,90552699228792;5,952201595698;0,084856661045531;15;12;153;-138;159;158;317;174;172;346
2025;Principado de Asturias;Asturias;Lena;21559;0,50790853008025;0,044157892295561;0,67111076660724;24,026523117626;0,1072715184687;94;73;324;-230;949;929;1878;1121;1082;2203
2025;Canarias;Las Palmas;Arrecife;166878;0,4969798295761;0,24580831505651;0,37184430103991;197,16210194195;0,020379301902331;1099;685;912;187;11831;11337;23168;13757;13113;26870
2025;Extremadura;Badajoz;Don Benito;54302;0,5050826857206;0,043497477072668;0,50692382405994;49,962736769032;0,021730323008361;366;193;524;-158;4252;4015;8267;4823;4598;9421
2025;Galicia;Lugo;Becerreá;8755;0,46944603083952;0,067961165048544;0,85960067969414;10,212651648198;0,066837997334856;32;26;184;-152;285;302;587;328;332;660
2025;Andalucía;Málaga;Vélez-Málaga;112182;0,50402916688952;0,14060187908934;0,51072626149723;211,55637770861;0,011789140965259;758;365;966;-208;8510;8162;16672;9850;9451;19301
2025;Castilla y León;León;León;243005;0,52120738256414;0,074134277072488;0,61311843232012;49,981694567932;0,0036743766255505;1199;630;2815;-1616;14723;13754;28477;17027;15977;33004
2025;Andalucía;Granada;Santa Fe;98942;0,49842331871197;0,052030482504902;0,42604710155372;318,08011224476;0,011616233079312;769;389;590;179;8755;8323;17078;10257;9623;19880
2025;Andalucía;Granada;Motril;100548;0,49663842145045;0,15164896367904;0,48128287099103;165,29072401362;0,013438499877812;719;312;771;-52;7648;7252;14900;8913;8404;17317
2025;Cantabria;Cantabria;Santander;268799;0,52901610497063;0,096949765438115;0,5671674858179;1281,9486905886;0,041372921774263;1426;962;2689;-1263;17044;16310;33354;19909;19087;38996
2025;País Vasco;Bizkaia;Bilbao;506473;0,51971181089614;0,10871458103393;0,55894447830289;1178,666506157;0,012446270581058;2796;1620;5444;-2648;30823;29261;60084;35930;33886;69816
2025;Extremadura;Badajoz;Herrera del Duque;17839;0,49419810527496;0,032288805426313;0,64977342088227;6,6119102358518;0,017549124027659;88;47;304;-216;969;869;1838;1121;1028;2149
2025;Andalucía;Granada;Órgiva;24216;0,48447307565246;0,17034192269574;0,55940498422307;20,554258985243;0,0097726233132576;120;63;293;-173;1426;1296;2722;1672;1497;3169
2025;Castilla-La Mancha;Guadalajara;Guadalajara;267530;0,49444922064815;0,16664299330916;0,44453863640045;44,169970110859;0,0010443785646567;1772;1037;1868;-96;21780;20862;42642;25261;24080;49341
2025;Galicia;Lugo;Chantada;22879;0,50159534944709;0,075178110931422;0,76426588525601;22,988887203553;0,050170774197174;101;53;392;-291;1030;995;2025;1180;1130;2310
2025;Canarias;Las Palmas;Puerto del Rosario;129080;0,48862720793306;0,31299969011466;0,35387713575482;77,727197502424;0,021710050614606;866;528;588;278;9461;8842;18303;10987;10192;21179
2025;Castilla-La Mancha;Albacete;Casas-Ibáñez;20390;0,47900931829328;0,1544384502207;0,56341051985892;14,206881011885;0,012466895537028;137;67;266;-129;1273;1171;2444;1469;1358;2827
2025;Andalucía;Jaen;Úbeda;60857;0,50764907898845;0,030366268465419;0,5013815562244;74,503873263461;0,034739909405108;432;216;584;-152;4297;4005;8302;4996;4707;9703
2025;Extremadura;Badajoz;Castuera;25737;0,4976104441077;0,027042778878657;0,60135639621702;10,751345058489;0,019579926620374;135;83;400;-265;1458;1329;2787;1680;1531;3211
2025;Principado de Asturias;Asturias;Cangas de Onís;19046;0,5096608211698;0,070933529349995;0,63134903640257;23,224846452005;0,048382862543316;80;56;300;-220;1029;974;2003;1183;1123;2306
2025;Canarias;Las Palmas;Las Palmas de Gran Canaria;410717;0,51677919345924;0,092265477202064;0,44681323249154;2483,7748138694;0,069049978452316;2072;1344;3795;-1723;23387;22156;45543;27933;26058;53991
2025;Andalucía;Sevilla;Utrera;101885;0,5055307454483;0,028502723659027;0,47700091329497;109,74020625802;0,034619423860235;778;415;842;-64;8442;8118;16560;9813;9425;19238
2025;Comunidad Valenciana;Alicante/Alacant;Dénia;199100;0,50457056755399;0,38897538925163;0,56856874995076;262,4018115096;0,0073329984932195;1168;658;1801;-633;13365;12683;26048;15425;14602;30027
2025;Cantabria;Cantabria;Santoña;38047;0,50035482429627;0,082582069545562;0,53384398306793;135,0861015531;0,01935544633392;204;176;342;-138;2514;2307;4821;2909;2671;5580
2025;Andalucía;Granada;Granada;522883;0,51820579364791;0,078430547560353;0,49984367156687;193,96496726849;0,0038526415454906;3606;1833;4239;-633;38772;36441;75213;44892;42406;87298
2025;Cataluña;Girona;Ripoll;26081;0,50059430236571;0,12549365438442;0,61652411057394;26,290005286291;0,013145584908554;133;89;343;-210;1717;1641;3358;1982;1890;3872
2025;Galicia;Lugo;Vilalba;28445;0,50725962383547;0,052768500615222;0,71893884457336;22,304555337114;0,054778226987754;147;76;471;-324;1369;1384;2753;1558;1558;3116
2025;Ciudad Autónoma de Melilla;Melilla;Melilla;87067;0,49728370105781;0,13875521150378;0,47603709291878;6114,255716253;0,12678741658723;795;347;434;361;9390;8886;18276;10652;10073;20725
2025;Galicia;Ourense;A Pobra de Trives;10390;0,49220404234841;0,047545717035611;0,99730872741253;8,1916805545169;0,039977250853093;36;22;238;-202;344;321;665;400;364;764
2025;Andalucía;Granada;Loja;70431;0,49510868793571;0,091678380258693;0,51217365166609;35,225715640958;0,010932685891156;507;199;730;-223;5033;4878;9911;5876;5685;11561
2025;Illes Balears;Illes Balears;Manacor;162960;0,49856406480118;0,23155989199804;0,47166130838421;120,99432813449;0,011629847815415;1279;788;1357;-78;13146;12424;25570;15038;14184;29222
2025;Andalucía;Jaen;Martos;52118;0,50168847615027;0,044859741356153;0,51629233096707;68,463709972407;0,026351260600944;384;223;500;-116;3742;3547;7289;4298;4042;8340
2025;Illes Balears;Illes Balears;Ciutadella de Menorca;46137;0,49927390164077;0,13191148102391;0,42578571649309;109,27500803432;0,04408609142337;268;227;300;-32;3130;2961;6091;3644;3412;7056
2025;Canarias;Las Palmas;Arucas;66826;0,49537605123754;0,034223206536378;0,41078365141023;250,20030865641;0,031260287911891;312;305;597;-285;3981;3632;7613;4760;4300;9060
2025;País Vasco;Bizkaia;Durango;111267;0,50543287767263;0,098681549785651;0,56013124132419;220,90372960754;0,009936537299039;625;324;1022;-397;8063;7654;15717;9372;8846;18218
2025;Illes Balears;Illes Balears;Maó;56684;0,50372239079811;0,15365888081293;0,45235594045453;207,26169381118;0,047517818079176;359;254;455;-96;3792;3672;7464;4455;4228;8683
2025;Castilla-La Mancha;Albacete;Alcaraz;8202;0,46378931967813;0,042306754450134;0,65663502322763;4,2087438213565;0,018890657945695;41;25;186;-145;351;314;665;400;374;774
2025;Illes Balears;Illes Balears;Palma;640288;0,50718426707981;0,20782991403868;0,43355655411593;500,7962240661;0,010207722701255;4478;3237;4655;-177;45774;43436;89210;52956;49997;102953
2025;Extremadura;Badajoz;Villafranca de los Barros;27650;0,50546112115732;0,038336347197107;0,53194082774669;27,110501191753;0,027667269439421;174;79;321;-147;1885;1880;3765;2213;2193;4406
2025;Illes Balears;Illes Balears;Inca;167820;0,4964783696818;0,21172685019664;0,46188489246235;165,36759837107;0,0079365079365079;1368;826;1269;99;13844;13092;26936;15891;14914;30805
2025;Andalucía;Jaen;Cazorla;30015;0,4999833416625;0,047243045144095;0,54557157569516;21,810373698603;0,023591537564551;173;95;372;-199;1959;1854;3813;2280;2133;4413
2025;País Vasco;Bizkaia;Barakaldo;264843;0,51658152188278;0,098065646439589;0,57445961049152;2022,0110047922;0,025205876689208;1413;778;2961;-1548;16616;15760;32376;19271;18187;37458
2025;Extremadura;Badajoz;Jerez de los Caballeros;25576;0,50242414763841;0,028855176728183;0,52884213043218;19,634426444937;0,025905362666389;181;84;271;-90;1625;1527;3152;1876;1804;3680
2025;Galicia;Ourense;Verín;26829;0,49785679674979;0,11457750941146;0,79374206057364;20,919297996723;0,036281635543628;90;74;471;-381;1196;1122;2318;1398;1302;2700
2025;Castilla-La Mancha;Albacete;Albacete;198458;0,50570901651735;0,076076550202058;0,48206951144833;59,328858870958;0,011947742091526;1275;632;1626;-351;14927;13925;28852;17286;16119;33405
2025;Castilla y León;León;Cistierna;8862;0,46456781764839;0,029564432408034;0,72782218756093;5,2818224321705;0,022652900022568;26;20;159;-133;293;271;564;347;316;663
2025;Andalucía;Sevilla;Dos Hermanas;142463;0,51077121778988;0,032724286305918;0,44761817664512;891,50811814351;0,15516309497905;1075;642;891;184;12221;11659;23880;14339;13592;27931
2025;Castilla-La Mancha;Albacete;Hellín;54232;0,49135196931701;0,10648694497714;0,52499859400484;15,446531855874;0,017039329603867;366;136;650;-284;3745;3482;7227;4331;4017;8348
2025;Galicia;Pontevedra;A Estrada;23166;0,51890701890702;0,037166537166537;0,68971553610503;51,434281336434;0,15432098765432;103;86;339;-236;1280;1201;2481;1494;1363;2857
2025;Andalucía;Granada;Guadix;45435;0,49499284692418;0,062132717068339;0,55823444680705;21,333389680194;0,0069116386712953;344;175;533;-189;3263;3099;6362;3762;3603;7365
2025;Andalucía;Sevilla;Écija;55147;0,50633760676011;0,033419768981087;0,5049394170942;46,040625735271;0,047867517725352;431;216;464;-33;4339;4211;8550;5014;4840;9854
2025;Canarias;Las Palmas;San Bartolomé de Tirajana;155834;0,49117650833579;0,22873698936047;0,37482796344003;275,14521804668;0,051725981920933;838;531;1002;-164;10353;9588;19941;12187;11137;23324
2025;Andalucía;Sevilla;Morón de la Frontera;48762;0,50486034206964;0,027377876215086;0,51045441873432;54,785686244366;0,04088839670235;327;191;493;-166;3641;3406;7047;4232;3984;8216
2025;Andalucía;Granada;Baza;38022;0,49726474146547;0,10562306033349;0,55719375844698;21,960897391292;0,029361290831624;274;114;456;-182;2631;2421;5052;3058;2781;5839
2025;Andalucía;Jaen;Linares;77145;0,50740812755201;0,041921057748396;0,52132757498669;172,00285600062;0,054472097997278;525;275;760;-235;5376;5098;10474;6318;5986;12304
2025;Aragón;Zaragoza;Ejea de los Caballeros;33022;0,48719035794319;0,16634364968809;0,56717763751127;9,7077274363579;0,006390456090656;189;82;400;-211;2013;2006;4019;2360;2319;4679
2025;Extremadura;Badajoz;Badajoz;179719;0,51293408042555;0,04381840539954;0,5048187626121;64,507433311778;0,020007901223577;1193;565;1552;-359;13708;12705;26413;15953;14694;30647
2025;Comunidad Valenciana;Alicante/Alacant;Orihuela;247566;0,49752389261853;0,31310034495852;0,55493584066628;330,26854894434;0,010042920733403;1703;624;2135;-432;19983;18973;38956;23004;21755;44759
2025;Comunidad Valenciana;Alicante/Alacant;San Vicente del Raspeig;102484;0,50485929510948;0,11739393466297;0,45340575496717;300,96323735568;0,029121618984427;635;410;683;-48;7930;7365;15295;9305;8594;17899
2025;Principado de Asturias;Asturias;Avilés;125139;0,52178777199754;0,054787076770631;0,62174876560009;531,53378854772;0,056797641023182;537;444;1574;-1037;7038;6564;13602;8231;7621;15852
2025;Andalucía;Sevilla;Carmona;74235;0,50011450124604;0,039873375092611;0,468516943285;73,339524058735;0,056370535012685;550;290;607;-57;6236;5823;12059;7299;6761;14060
2025;Extremadura;Badajoz;Zafra;51440;0,50449066874028;0,03349533437014;0,53254878593773;27,798793735063;0,01255832037325;311;146;581;-270;3479;3273;6752;4048;3777;7825
2025;Extremadura;Badajoz;Olivenza;26959;0,50183612151786;0,026410475165993;0,5212165669789;18,834403392689;0,024213723720382;181;87;287;-106;1819;1772;3591;2136;2038;4174
2025;Principado de Asturias;Asturias;Grado;19161;0,49360680549032;0,056729815771619;0,68596568411791;15,62326738467;0,046470882074452;86;53;327;-241;871;804;1675;995;939;1934
2025;Galicia;Lugo;Mondoñedo;31168;0,51697253593429;0,060125770020534;0,7435667934661;25,331393525112;0,03079790461079;121;128;555;-434;1477;1489;2966;1699;1706;3405
2025;País Vasco;Bizkaia;Balmaseda;32511;0,50493679062471;0,080188243978961;0,56709727176323;76,507270037734;0,024065700839716;156;104;304;-148;2245;2041;4286;2590;2373;4963
2025;Andalucía;Jaen;Villacarrillo;52371;0,49029042790858;0,061656260143973;0,52881247080803;15,127295489751;0,010645659038854;364;126;659;-295;3470;3426;6896;4024;3899;7923
2025;Andalucía;Sevilla;Cazalla de la Sierra;21573;0,50229453483521;0,029017753673573;0,51740873602026;9,6779404572586;0,025809010233986;121;72;261;-140;1266;1288;2554;1499;1501;3000
2025;Andalucía;Granada;Huéscar;14914;0,49450181037951;0,085087836931742;0,58289110592231;8,2257815693162;0,043393232309687;107;50;213;-106;889;848;1737;1019;991;2010
2025;Castilla y León;León;Sahagún;6909;0,4706904038211;0,06426400347373;0,8331122313611;5,4502425436809;0,019054855984947;24;16;142;-118;264;279;543;294;313;607
2025;Extremadura;Badajoz;Montijo;36059;0,50092903297374;0,023988463351729;0,53462144103503;70,520016438269;0,022119304473224;230;114;373;-143;2601;2360;4961;3027;2771;5798
2025;La Rioja;La Rioja;Calahorra;77002;0,49411703592114;0,20518947559804;0,54989734712773;49,459810171852;0,0064284044570271;524;273;787;-263;5818;5524;11342;6691;6360;13051
2025;Galicia;Pontevedra;Lalín;39553;0,5073445756327;0,078375850125149;0,66581030997305;38,522897222745;0,049654893434126;211;114;551;-340;2235;2091;4326;2570;2387;4957
2025;Castilla y León;León;La Bañeza;29518;0,49081916118978;0,06728098109628;0,75754688895505;20,470889940782;0,01056366223383;119;70;586;-467;1370;1259;2629;1583;1444;3027
2025;Andalucía;Sevilla;Estepa;45878;0,50034875103535;0,042416844675008;0,48534982355036;77,879441025726;0,018570992632634;347;168;403;-56;3552;3415;6967;4084;3956;8040
2025;Comunidad Valenciana;Alicante/Alacant;Alcoy;97941;0,50342553169765;0,11786687903942;0,53871895178395;157,58048786771;0,0080846778016503;616;334;942;-326;6809;6360;13169;7933;7439;15372
2025;Andalucía;Granada;Almuñécar;30406;0,50194040649872;0,20183516411235;0,5566477243639;170,3417348745;0,05935506150102;177;76;292;-115;2049;1899;3948;2384;2177;4561
2025;Comunidad Valenciana;Alicante/Alacant;Novelda;93407;0,49651525046303;0,13297718586401;0,51374258581013;130,72326322341;0,020569122228527;660;335;765;-105;7071;6433;13504;8172;7516;15688
2025;Principado de Asturias;Asturias;Siero;61007;0,51181012015015;0,042732801153966;0,55400173213103;221,27235671072;0,061128231186585;308;243;731;-423;3781;3670;7451;4429;4261;8690
